,ID,TITLE,AUTHOR,BOARD,CONTENT,TIME_STAMP,AUTHOR_IP,COMMENTS,RATING,COMMENTERS,POLARITY
0,M.1669381194.A.084,[問卦] [問卦] 25-50歲台灣人記得幾月打第一劑,u35k6 (漫畫),Gossiping,是這樣 大叔在菲律賓住3年多了 2021年5月台灣疫情爆發的時候 菲律賓也剛好收到不少國際救助疫苗 這邊優先順序是醫護》老人》一般市民 沒有什麼第二類政府官員之類的 所以我5月就打到az了 後面7月底打到第二劑 隔年一月補第三劑莫德納  我在台灣的高齡老母在8月附近才打第一劑 我哥哥跟前同事大概都在年底才開始打到第一劑BNT 而且前幾波BNT還給青少年跟外勞先打 只是過一年多這段記憶有點模糊了 只記得沒有人擋疫苗 公私協力買BNT 我是不是腦霧了呀,2022-11-25 20:59:52,175.176.45.156,,,,"{'all': 0, 'boo': 0, 'count': 0, 'neutral': 0, 'push': 0}"
1,M.1669381216.A.5B8,Re: [問卦] 靠邀 明天到底會不會翻車啦？？？？？,aron0425 (aron),Gossiping,翻定了好嗎 也不看看蔡瞾治下 國民GDP爆漲，房價爆漲 會支持白色的都馬是沒錢的社會底層 看看陳時中支持的都是白頭髮的 代表什麼？代表人家支持群眾是有產階級啦歐得曼尼 平常就是泡泡茶等房子漲 在那邊很開心黃珊珊都是黑頭髮的在支持，代表就是No money，拼死拼活存三年，房價頭期款已經漲到存8年才有機會，還要被白頭髮的當下人使喚 年輕人代表未來？僵化的社會體制有什麼新局可以改變啦？笑死 今天你有房會希望房價腰斬嗎？，台灣的房屋自有率是80%，懂？,2022-11-25 21:00:14,111.242.50.234,,,,"{'all': 0, 'boo': 0, 'count': 0, 'neutral': 0, 'push': 0}"
2,M.1669381224.A.E61,[問卦] 這個時代稱台語叫閩南話是在想什麼？,inet (),Gossiping,很多人知道台語已經包了很多外來語 去福建廈門可能聽懂 但明顯腔調不同 而且一輩子都沒去過閩南的人這麼多 稱呼閩南語 好像不太對  但如果說是台語 很多客家話、原住民話會跳出來 所以避談自稱台語  不過日常生活大家也都公認台語是什麼 大概意思是這樣  有沒把八卦？,2022-11-25 21:00:22,36.234.120.45,,,,"{'all': 0, 'boo': 0, 'count': 0, 'neutral': 0, 'push': 0}"
3,M.1669381243.A.3D8,[問卦] 台中除了博弈還有什麼產業賺錢嗎？,goal56 (宅變型),Gossiping,本魯看了一下一些大大的發文，發現台中薪水真的慘，工程師月薪還不到4萬，比高考公 務員還低，慘到不行，不過聽說台中博弈產業發達，隨便年薪都好幾百萬，是台中最賺錢 的產業，這樣看來，台中是不是只有博弈能給高薪，讓台中人賺大錢啊？話說台中豪宅房 價也上看1坪百萬了，應該都是搞博弈的人在買吧，真是羨慕。,2022-11-25 21:00:41,101.137.151.108,,,,"{'all': 0, 'boo': 0, 'count': 0, 'neutral': 0, 'push': 0}"
4,M.1669381274.A.2AB,[問卦] 有沒有會飛的哺乳類？,ETeating (ET),Gossiping,安安我文組小廢廢啦，  每年跨年都在賺錢的那個天團曾經唱過：  別問我二類或三類，  我只是渴望飛的哺乳類。  有沒有二類或三類的大大可以告訴我，  到底有沒有會飛的哺乳類？,2022-11-25 21:01:08,42.77.86.184,,,,"{'all': 0, 'boo': 0, 'count': 0, 'neutral': 0, 'push': 0}"
5,M.1669381291.A.056,Re: [問卦] 靠邀 明天到底會不會翻車啦？？？？？,gino0717 (gino0717),Gossiping,怕翻車   就不要去會翻車的地方   謹慎選擇 取贏面大的地方   當個聰明西索   像是最近特斯拉股價從173漲到183   看起來就贏面滿滿 要回到300也不是問題   我準備好要all in 了   快上車吧   ※ 引述《pttbeer (小妹姨)》之銘言： : 欸 媽的咧 : 看八卦版都覺得穩了 : 每次都覺得這次絕對給蟑螂一個教訓 : 明天不會又翻車吧？？？？,2022-11-25 21:01:28,123.194.162.12,士虐貓，碩士約砲，學士射精在飲料，校友正在蹲苦窯!@#授作帳假發票，職業學生看報紙才知道。,推!@#→,ROCSimonLiu!@#ROCSimonLiu,"{'all': 2, 'boo': 0, 'count': 1, 'neutral': 1, 'push': 1}"
6,M.1669381303.A.EFF,Re: [問卦] 李宗瑞是得罪誰?,zxcv91039 (人類的惡意),Gossiping,我記得有幹到某個商人故鄉的對頭勢力的小姐吧?  不知不覺也10年了 我還想問問那些被回收的人都到哪裡去了 還是小祕密根本沒有被發現? 在座的工程師要不要複習看看影片,2022-11-25 21:01:41,1.165.15.161,,,,"{'all': 0, 'boo': 0, 'count': 0, 'neutral': 0, 'push': 0}"
7,M.1669381318.A.5C7,[問卦] 比利時和克羅埃西亞也太強了吧,yamakazi (大安吳彥祖),Gossiping,在台灣幾乎沒什麼人會說支持比利時或克羅埃西亞  也不算什麼足球大國  也沒什麼頂級聯賽  結果上屆世界杯一個第二名一個第三名  跟某屆希臘拿下歐國盃一樣的感覺  這兩國為甚麼那麼強？,2022-11-25 21:01:54,61.230.199.202,,,,"{'all': 0, 'boo': 0, 'count': 0, 'neutral': 0, 'push': 0}"
8,M.1667236084.A.47C,[公告] 八卦板板規(2022.11.01),lwt501cx (爆裂魔法Explosion！！),Gossiping,"╭─────────────────────────────────────╮ │ 本板為PTT八卦板，文章、推文及板務處理原則均依循中華民國法律、站規規範發　│ │ 文者，不得因不知相關板規而免卻責任。                                     │ ╰─────────────────────────────────────╯  第一章：文章管理    第一條：〔總則〕   ￣￣￣￣￣￣￣￣　  ‧ 八卦定義為「小道消息」、「花邊新聞」。討論人物需為公眾之人、事、物，     凡是文章內容無八卦、與八卦無關者，板主得依本板規刪除。   ‧ 經舉證該八卦文為虛構，文章予以刪除。經查有惡意造謠者，視同鬧板。   ‧ 每日發文(含回文)額度，不得超過五篇。其中：      1.問卦不得超過三篇     2.新聞每一天只能張貼一篇(以天為單位)     3.轉錄不得超過一篇(轉錄協尋文可超過一篇，     但每天在板上的文章額度仍不可超過五篇)     因任何原因自刪、被板主刪除或分身張貼，皆視同使用額度。     每超貼一篇水桶一個月，兩篇給予水桶兩個月，依此類推。     使用分身張貼文章，多個帳號加總發文超貼者，每個帳號應水桶一樣的時間。     例如:A、B兩個帳號合計發了五篇問卦，則A、B兩帳號一同水桶兩個月。     ‧濫用[協尋]文章者，水桶一個月。  ‧  文章內容未滿30個字(正體中文)者，含未滿自刪或修改文章後未滿，水桶一個月  文章內容未滿20個字(正體中文)者，含未滿自刪或修改文章後未滿，水桶二個月  文章內容未滿10個字(正體中文)者，含未滿自刪或修改文章後未滿，水桶三個月  ‧文章請使用本看板所提供之分類，自訂分類、雙分類或無分類、無標題之文章一律刪除。   其違規文章勿回文，回文則一律刪除。  轉錄文章則不限分類。   ‧ 本板對於他板有符合時事下之重大、深入極具八卦內容之文章開放轉錄，為避免板     友濫用，必須經過原發文者同意才能轉錄，限制一人一天一篇。轉錄文章若違反八     卦板板規，板主可依相關板規處置。  ‧ 禁止從站內信轉錄文章，違者刪除。若違反板規，如超貼、政問等，依板規處理。      註：未經原發文者同意轉錄文章板主可給予刪除，此檢舉須由原發文者自行檢舉，         ，目前不接受他人代為檢舉。     第二條：〔問卦及爆卦類文章規範〕   ￣￣￣￣￣￣￣￣￣￣￣￣￣￣￣  ‧ 本條所指為張貼以[問卦]、[爆卦]為標題，或回覆文章目的為問卦或  爆卦者均適用本條規定。   ‧ 問卦文章每位使用者一天三篇為限，文章任何原因刪除仍適用問卦篇數額度，     分身張貼亦算額度，超貼者依總則。   ‧ 問卦文章有以下情事者文章板主得刪除該文。      1.問卦內容有相關看板。     2.問卦內容貧乏。     3.問卦內容無法引發八卦討論。     4.問卦內容已被其他使用者發問過相同或類似問題。  5.問卦內容與自殺議題相關。   ‧ 問卦文內容貧乏者，請充實問卦內容；勿提問閒聊式問題，違者刪除。  ‧ 問卦文章涉及政治人物、議題板主得刪除並水桶發文使用者（相關定義第四條說明)   ‧ 勿濫用爆卦，無重大八卦文章（出自各社群網站之無八卦文、某節目現在討論之某     議題），請勿發表，爆卦相關規範如下:  ‧[爆卦]文章分類，爆卦內容須為不為眾人得知的秘辛或是親身經歷、親見親聞， 　或轉錄內容主旨為實質爆料、揭發性質，   (天災人禍重大意外/緋聞/醜聞/重大賽事/揭發社會或影響多數人之不公義情事) 　等重大爆卦才可使用。  ‧有以下行為者視為濫用爆卦，依不同程度水桶之，濫用爆卦嚴重者水桶１８０天文章退   回。      1.爆卦內容只為特定議題之評論，無實質爆料性質 　　　(如無卦社群臉書政論文、政令宣導、政治立場、政治聲明等) 水桶一個月。      2.有電視或網路媒體報導者或公開網站之訊息、某節目現在討論之某議題，警告七日。 　　　以爆卦偷渡新聞媒體者另加以板規三論處。      3.轉錄爆卦來源需附上第一手原始出處，內文需完整轉錄不得擅加來源以外之資訊(含       心得)，違者水桶一個月。     4.爆卦者應負舉證責任，經證實(轉錄或自行爆卦)內文為虛構造假者水桶１８０天文       章退回，自刪亦同。   ‧ 禁止以問卦或爆卦方式偷渡新聞，否則視同每日新聞發文限制篇數（超過一篇須按     照板規三水桶處理）。   第三條：〔新聞張貼規範〕   ￣￣￣￣￣￣￣￣￣￣￣￣  ‧ 本條所指為張貼新聞須以[新聞]為文章分類，他板轉錄之新聞亦適用本條規定。     本類文章每位使用者一天一篇為限（任何原因自刪及被板主刪除均計入額度，  分身張貼，回文張貼當日新聞連結、換新聞等，亦算新聞篇數配額），超貼部分     水桶處分。   ‧ 文章內張貼PTT連結時，即使該連結內容是[新聞]也不算使用新聞篇數配額。   ‧ 回文以及新聞備註內張貼三日以上之新聞（新聞內容、標題、連結）     必須加上二十字以上評論或分析，違者之文章刪除或新聞超貼水桶。      註:文章內張貼三日以上之新聞(舊聞，不論篇數，只要有二十字以上評論或分析即可）  ‧ 張貼新聞時，切勿在備註內張貼其他三日內新聞之連結，否則屬新聞超貼。   ‧ 文章有下列情事者文章刪除。   1.新聞格式錯誤，未依下列新聞格式張貼者，包含：       a.文章標題須為原新聞標題。     註:標題應從頭開始貼，不可因為標題過長而自行修改標題       b.內文需有完整新聞標題/內文，內建發文格式如下。         1.媒體來源: 　  　　2.記者署名： 　　  　3.完整新聞標題: 　　  　4.完整新聞內文: 　　  　5.完整新聞連結 (或短網址)，需放媒體原始連結，不可用轉載媒體連結:         6.備註:         可不依內建發文格式填寫，但一定要有1~5項，若要加上心得或備註，         請於文章最後面加上，違者刪除。  2.相同新聞重覆者。     註:若第一篇因違反板規，則第二篇不算OP     3.新聞日期超過三天以上。     4.分篇新聞(新聞標題相同以數字、符號區隔的分篇新聞)非第一篇張貼者。     5.派令、社論、讀者投書、特稿、雜誌撰稿、公民新聞類、今日我最美類等非媒體       新聞等未涉及政治人物議題者。     6.影音新聞內文未附官方文稿及非媒體官方帳號張貼之影音新聞者。     7.無記者採訪、發售資訊、泛商業類...等無新聞價值之報導。     8.新聞連結無法開啟者（被移除、網址錯誤…等)。     9.未依備註1新聞來源張貼。  10.無記者署名之新聞(某某某編輯也可以，某某某=姓名)，刪除並水桶14日       切勿張貼XX中心、綜合報導等無記者署名之新聞       以下兩種情形不刪除也不水桶       註1:外電需備註為某外媒報社引用或是編輯譯者等，至少要有出處。       註2:本國報社之新聞但內容是參考或引用外媒報導。       註3:科技新報、地球圖輯隊為較特殊媒體，有作者名字即可。   ‧ [新聞]惡意偽造新聞記者名稱，視同鬧板。   ‧ 可洽八卦檢舉板建議新增其他新聞網站。   ‧ 派令、社論、讀者投書、特稿、雜誌撰稿、公民新聞等文章內容涉及政治議題或政     治人物者文章，刪除並水桶三個月。  註1:特稿與新聞的差別          新聞是對事件的客觀報導，記者只能用描述的方式說明新聞事件，      不能加入任何個人的意見或評論。      特稿則是記者主觀對事件的評論，以選舉新聞舉例：記者不能在報導      這則新聞時給了任何的評論，不可以在新聞稿中說誰當選比較好，      只能報導候選人的活動、政見、談話，但可以用特稿的方式，      評論誰當選比較合適，分析誰當選會有什麼深遠影響。          特稿可以是評論，也可以是分析、也可以是背景說明、也可以是深入報導，      總之主觀的論述就是特稿。這類稿件，是因新聞媒介在傳播新聞信息的      總體布局需要或特定的各種背景的需要，為反映傳媒總體要求或特定導      向意圖而組織寫作的新聞稿件。     註2：涉及政策（兩岸政策、民生政策等）、民生議題（物價議題、交通議題、候選         人政見等）、政治人物花邊或緋聞等，刪文處理。   ‧ 張貼媒體來源或發稿單位為港澳或中國者，水桶兩個禮拜。     （全文如下之刊登方式視同發稿單位）   ‧ 即日起，禁止以彙整「四大報(多報)」方式發佈一文多PO新聞。  1.發表報社或網路媒體彙整之新聞者，給予刪除。  2.發表為使用者自行彙整之兩篇以上三日內新聞於同一篇時，視同新聞超貼。     3.自行彙整多篇相似議題的外媒新聞者，屬於一篇新聞配額，但不屬於新聞超貼。    註：提供縮網址網站 http://tinyurl.com/ , https://bitly.com/  ,                      https://reurl.cc/main/tw  。     第四條：〔政治八卦規範〕   ￣￣￣￣￣￣￣￣￣￣￣￣  ‧ 發文（含回文）內容討論包含下述類別，且文章有八卦性質，即為政治八卦。  ‧ 人物類：中華民國政府遷台後之特定政治人物（歷任、現任之正副總統、政務官、     黨職人員、民意代表、競選中之候選人、參加黨內初選的總統和立委候選人、發言     人、常見於相關媒體發言之幕僚）及上述人員之伴侶。   ‧ 議題類：中華民國政府遷台後之政府職務、中華民國政府遷台後之政黨政治。   ‧ 無八卦之泛政治文章，板主得刪除之。   ‧ 文章內容涉政治問卦輕微，板主可依情節考量，刪除文章或刪文併水桶警告七天。   ‧ 禁止他板轉錄無八卦之政治文章（包含政治FB文章、政黑板文章），違者水桶三個月。   ‧ 如有政治相關八卦請直接爆卦，不允許任何形式之政治問卦，政問無論是否自刪，     或發文後修改內文，一律刪文並水桶三個月。    ‧ 當政治人物有多重身分時（例如：藝人），非政治身分的相關問卦以泛政治刪除。     第五條：〔利益性質〕   ￣￣￣￣￣￣￣￣￣￣  ‧ 文章內容意欲謀求個人利益、誘使人投票連署或是意欲求檔者，一律退文、水桶  一個月，推文求檔者如非玩梗，條件式給P、求站內給P、私信寄之類等水桶一個月。      註：禁止張貼中央社訊息服務，ipobar，滾動新聞，奇摩!訊息快遞!…等廣宣類         相關網站之連結、新聞、討論文章，違者一律退文、水桶一個月。   ‧ 違反上述板規自刪者，水桶三個月。   ‧ 禁止張貼王浩宇本人帳號發佈社群訊息(如:臉書)，違者一律退文、水桶一個月  ，自刪者水桶三個月。王浩宇相關文將比照板規四政治八卦規範。    第六條：〔內容不當〕   ￣￣￣￣￣￣￣￣￣￣  ‧ 文章有下列情事者文章刪除：     1.文章簽名檔過長（超過六行）妨害使用者閱讀者。    2.外電未有全文或大致翻譯。    3.簡體中文轉正體中文之文章。    4.文章包含簡體連結。    5.內容含過多色碼、亂碼（圖形文）導致難以閱讀者。    6.廣告文、業配文或其他商業類內容，無明顯謀求個人利益者，該文刪除。    7.內容包含與自殺相關之議題。   ‧ 文章有下列情事者文章水桶三個月:     1.內容含有色情內容、暴力內容、十八禁連結者。    2.內容含過多簡體中文。  3.發P幣文由以下情況者，水桶三個月  (1)文章經編輯後，與原始文章差異甚大者。      (2)沒發P幣就自行刪文者。      (3)惡意漏發多位者。    4.文章內容未滿30個字(正體中文)，水桶一個月  文章內容未滿20個字(正體中文)，水桶二個月  文章內容未滿10個字(正體中文)，水桶三個月       註1：奧運(國家隊誰贏誰得牌)、國際比賽、天災(地震、颱風天哪放假)等。       如發文未滿30個繁體中文字，板主群得視為時事文刪除不予處分， 　　　惟藉標題蓄意搗亂者仍以鬧板處分。         註2：時事文範圍太廣，「註1」如未規範將由版主群主觀判定。   ‧ 手動置底者水桶兩個月:     手動置底:     1.若使用者於發文後於半小時內自刪，並在半小時內重發文者，則判定該名使用者       自願使用當日之發文額度，即，若該名使用者發文為[問卦]，則視同自願使用一       篇[問卦]之額度，若為其他分類之標題，亦同。     2.第一點之「半小時」定義為每篇文章發出系統時間為判定標準，也就是A、B兩篇       文章的發文時間差距要在半小時內，才算額度，超過半小時則算手動置底。  3.由於[新聞]只有一篇額度，若明顯為操作失誤者，板主可給予警告一次。     4.重貼超過總則中規範之發文額度時，則依據總則給予處罰。     5.扣除以上重貼使用額度狀況，即除了半小時內自刪重貼以外，若兩個月內同一使       用者發兩篇文章內容完全相同者或大致相同者，即為手動置底，包含：        a.標題與內容完全相同。       b.標題不同，但兩篇內容大致相同者。       c.連續轉錄同樣文章兩次。       d.詢問相同人且相同事物八卦者。      提醒：修改文章請盡量請利用E鍵，修改標題請用T鍵，參選文與公告不算入手動置           底。   ‧ 違反爆雷規範者水桶七天:    1.未上映或新上映電影類別，在正式發行日後七日內禁止無關文章內有爆雷行為     標題、內容、推文皆違規，違者水桶七日。    2.發行七日內討論需求文章，標題需迴避暴雷內容及註明有雷、內文防雷頁面作為緩衝     相關爆雷推文可在本篇及回文不列入違規。    3.爆雷定義為超出預告範圍，涉及預告未演出內容，已曝光之內容放寬相關     認定得刪除之。     第七條：〔挑釁、謾罵〕   ￣￣￣￣￣￣￣￣￣￣￣  ‧ 文章內容含有對[1~特定人物、使用者、特定族群、看板或其使用者，     進行言詞侮辱、挑釁、威脅、謾罵、歧視、引戰之文章，     一律退文且加給水桶六個月，自刪文章者水桶一年。  於推文違規者水桶七日。  ‧ 前項所說明之特定人物不包含公眾人物、政治人物等，對於非具有本國國籍者 　　等族群之謾罵推文不予受理；唯仍需注意刑法相關刑責，勿以身試法。   第八條：〔法律之規範〕   ￣￣￣￣￣￣￣￣￣￣￣  ‧ 文章有以下情事者該文退回併水桶一個月：   1.違反中華民國法律、批踢踢站規。     2.凡未經原發文者同意轉入、未經同意公布個人資料、私人信件及水球紀錄者。   註：此條例包含任何轉網址、原始網址之提供，或任何關鍵字影射，使一般使用  者可簡單查詢到個人資料、私人信件、水球紀錄等，皆違反此條例。      3.利用修改文章，故意竄改、刪除他人推噓文經查證屬實。       (惟他方公佈私人資料、張貼十八禁網址、恐怖連結含病毒網址不在此限）      4.意圖以影射、諧音字或近似字公開非公開使用者一部或全部之個人資料，如：自       然人之姓名、出生年月日、國民身分證統一編號、護照號碼、住址與電話號碼等       行為遊走於板規八公佈個人資料規定之處者，經當事人檢舉者。     5.違反此條板規自刪或未經原發文者同意轉出者，追加水桶六個月。    第九條：〔鬧板〕   ￣￣￣￣￣￣￣￣  ‧ 有鬧板茲事者，鬧板文章退回並追加水桶六個月，滋事之判定由板主判定。     若對個別版主判決鬧版有疑慮，請至GossipPicket版提出爭議案件申訴之申請。   ‧ 除板主之判定外，以下行為為鬧板行為：      1.經認定有預謀性之集體違規行動。        註：大量相同關鍵字問卦發生時，於板主發出公告提醒後，若依然有使用者使用           相同關鍵字、或類似的「形」、「音」等關鍵字持續問卦，則判定為鬧板。 　　2.任意使用公告、回應公告。     3.任意使用記名公投及活動聯署選項。     4.未經八卦檢舉板（GossipPicket）板申請通過之道歉文。  5.泛政治性發錢文，違者推文數歸零，並處分之。   ‧ 以上提到之 2、3、4 點，板主可依情節考量判定為鬧板或為單純手機操作失誤，  可與底下板規十一〔自檢條款與手機操作不當〕擇一處罰。   ‧ 違反以上板規，卻自行刪除文章以避責，視同鬧板，水桶一年處分。    第十條：〔道歉文與置底閒聊佈告區規範〕   ￣￣￣￣￣￣￣￣￣￣￣￣￣￣￣￣￣￣￣  ‧ 本條規定為在八卦板引發之法律訴訟相關事件，致使用者需於本板張貼文章道歉     時適用，請至八卦檢舉板（GossipPicket）板，詳閱相關規定後申請。     緊急狀況下，可先發表道歉文，並在24小時內至八卦檢舉板（GossipPicket）板     補申請，未經檢舉板申請或補申請便發道歉文者，屬鬧板行為。   ‧ 本板置底閒聊文提供宣傳相關符合公益之事由，如親友失蹤協尋、尋找車禍目擊  證人及其他事由，板主可視情況協助板上秩序臨時挪為協助板務用。例如：頒獎典      禮LIVE文...等。     第十一條：〔自檢條款與手機操作不當〕   ￣￣￣￣￣￣￣￣￣￣￣￣￣￣￣￣￣￣  ‧ 若使用者非故意違反板規（回信件操作失誤、手機操作失誤、誤刪他人推文）等非故     意違反鬧板規定，板主可依情節考量，依據板規十八處以警告並水桶一週，警告二次     者，則處以水桶一個月處分、第三次處以水桶兩個月、第四次以上一律水桶三個月。    （追溯期為一年）    ‧ 同上情形，使用者亦可自行前往八卦檢舉板，詳閱相關規定後主動申請自檢條款。     第十二條：〔簽名檔〕 　￣￣￣￣￣￣￣￣￣￣  ‧",2022-11-1 01:07:58,222.157.97.188,,,,"{'all': 0, 'boo': 0, 'count': 0, 'neutral': 0, 'push': 0}"
9,M.1667981981.A.F1C,Fw: [公告] 關於利用網路擄人、囚禁等議題請板主宣導,s5048218 (Dawn),Gossiping,※ [本文轉錄自 SYSOP 看板 #1ZQs7S4J ]  作者: FrostMaiden (AK550™) 看板: SYSOP 標題: Fw: [公告] 關於利用網路擄人、囚禁等議題請板主宣導 時間: Wed Nov  9 16:16:27 2022  ※ [本文轉錄自 BoardAnnouce 看板 #1ZQs1kiW ]  作者: FrostMaiden (AK550™) 看板: BoardAnnouce 標題: [公告] 關於利用網路擄人、囚禁等議題請板主宣導 時間: Wed Nov  9 16:10:19 2022  前言:    本公告以PTT板務部為立場，僅代表所有板主關心各位板友的人身安全。   若各板主認為您管理的板面有中高度的風險，也請協助轉錄本篇文章，   並置底，我們盡可能的多一份宣導，減少一份危機或是對網友的傷害。  說明:    經熱心的板主整理相關擄人、囚禁等相關注意事項:  ※ 陷阱篇 ※  一.目前新聞報導提及的詐騙藉口:    1.徵才,2022-11-9 16:19:40,114.45.187.80,"嗯!@#高調置底!@#豬仔會上PTT再說吧!@#多跟身邊的人分享吧!@#感謝資訊 但3樓講的好像也沒錯XD!@#真被抓手機都被收掉哪有機會XDD!@#8+9 大部分在低能卡!@#豬仔沒上學連PTT都沒辦法註冊!@#懷念軍隊掃蕩的日子!@#推3樓，PTT都念大學的老人!@#高調!@#高調!@#高調!@#高調!@#EE管不到，要人民早救!@#自救!@#社會安全網，安心放心!@#EE園區徵才!@#高調!@#推 高調!@#怕 不敢找工作惹!@#只能靠民眾自救了 政府不知道在幹什麼！!@#會被騙的不會來看這篇阿!@#推，可是覺得一旦被盯上真的很難QQ政!@#府該有些作為!@#有政府!@#哇靠 =_=!@#真的是一堆奇奇怪怪的擄人方式都有!@#把這篇轉過朋友 朋友一定覺得扯爆了!@#這裡是台灣 結果居然要擔心被擄走...!@#法律人：是詐騙 不是綁架!@#社會安全網越織越大洞，一個網紅結婚比!@#人民被擄被囚重要，幹他馬可笑!@#根本就是騙，大家真的要小心!@#早就說是鬼島了 井蛙!@#塔綠班執政日常!@#就算虜人，人死了，法官還是清判。現在時!@#法律不修，不掃黑，做黑道更有錢途。新聞!@#被壓，讓很多人無感，當有天你身邊的朋友!@#一個個消失，要求助也無門，警察只是檔案!@#上再打個失蹤人口新編號!@#現在連男孩子也很危險 可怕!@#以後大概只要沒監控人煙稀少地方看人就擄!@#沒有買賣就沒有傷害!@#10幾年前開始就是鬼島了,現在更糟糕,電影美!@#綁架洗成詐騙，可憐吶!@#黑道治國!@#推!@#治安10年最好!@#高調!@#推!@#Ptt都發全站公告了，姑婆勇、假博士還在!@#裝聾作啞!@#這個時候又是政府的鍋了!@#車子被關在水門外就是人民自己的責任!@#發擄人小卡囉 妳各位阿!@#原來高雄也有被查到 新聞沒看到!@#民進党可以再扯一點!@#黨定調是詐騙 不要給黨在選前添亂!@#在黨管理下 台灣治安是千年來最好勿亂抹黑！!@#可憐 這些事竟然還要社群網站自主宣導!@#政府到底幹甚麼吃的!@#無人機!@#可憐 暴雨不要玩水還要社群網站自主宣導!@#推!@#ptt終於要做好事惹，救人一命，勝造七!@#級浮凃，民進洞繼續給我禁聲沒關系，過!@#半的國會靜巧巧，等老英發話餒，老英沒!@#發話，民進洞大小豬神乖的很，民進洞被!@#呆丸郎養成沒人敢當粗頭鳥，沒人敢粗萊!@#挑戰老英菊塚宰，可憐吖，當年賴鬼還有!@#幾分膽色，甲魚也有幾分叛逆，如今，都!@#當惹龜兒子，要知道當一天龜兒子，就永!@#遠是龜兒子，呆丸郎吖，照子放亮點，呆!@#丸已經走到盡頭惹，再下去就絕子絕孫餒!@#，謹記！!@#新聞冷處理 人民要想辦法自救了!@#政府拿黑道沒方法，每年花那麼多錢給警政!@#署都浪費了？!@#民進黨執政 真棒 什麼犯罪都有了!@#  抹黑  快閃!@#台灣現在變這樣了....以前從來沒有這種公告!@#的!@#陳進興看到都要認輸!@#高調推!@#高調!@#你知不知道什麼是噹噹噹噹...!@#高調!@#以前覺得這些宣導很白癡到底誰被騙 但...!@#幫高調!@#被政府丟棄的人民只能自救囉!@#笑死 我真的很希望網紅蔡英文可以轉發啦!@#以前線上遊戲見網友是怕性侵案 現在怕!@#變豬隻!@#高調!@#謝謝資訊!@#高調!@#政府還在睡!@#到底抓去幹嘛？感覺也不是要他們詐騙!@#抓起來扣留存摺洗人頭戶!@#高調!@#高調，請各位民眾多注意!@#高調!@#高調!@#高調!@#通通抓去關在深山耕田　增加台灣糧食!@#推!@#高調!@#直接擄人上車 不要說女的 很多男的也防!@#綠共都跟黑道一起喝酒開查某了 自!@#求多福 抗中保台 哈哈哈哈!@#高調!@#真可怕 夭壽骨!@#可怕!@#可怕!@#怕!@#dpp執政 黑道橫行 詐騙保證 警官還可以!@#跟黑道一起吃飯 一起官商勾結",推!@#推!@#→!@#推!@#推!@#→!@#→!@#推!@#→!@#推!@#→!@#推!@#推!@#推!@#噓!@#→!@#推!@#→!@#推!@#推!@#推!@#推!@#→!@#推!@#→!@#噓!@#推!@#推!@#推!@#推!@#→!@#→!@#→!@#推!@#推!@#→!@#→!@#→!@#→!@#→!@#→!@#推!@#→!@#→!@#噓!@#推!@#推!@#推!@#推!@#推!@#推!@#推!@#→!@#噓!@#→!@#推!@#推!@#推!@#→!@#噓!@#推!@#→!@#噓!@#推!@#推!@#推!@#→!@#→!@#→!@#→!@#→!@#→!@#→!@#→!@#→!@#→!@#推!@#推!@#→!@#推!@#推!@#推!@#→!@#→!@#推!@#推!@#推!@#推!@#推!@#推!@#推!@#→!@#推!@#→!@#推!@#推!@#推!@#推!@#推!@#推!@#推!@#推!@#推!@#推!@#推!@#推!@#推!@#推!@#推!@#推!@#→!@#推!@#推!@#推!@#推!@#推!@#噓!@#→,s820912gmail!@#ubcs!@#bill403777!@#bingreen!@#azeroth!@#spzper!@#rs6000!@#GLUESTICK!@#freakclaw!@#dahlia7357!@#s81048112!@#tsukasaxx!@#raysbuck!@#dbey4010314!@#sonyabear!@#sonyabear!@#abc0922001!@#stvc!@#pitalvlu!@#HayamaAkito!@#keyman2!@#nbalook!@#holsety!@#starwillow!@#starwillow!@#taric888!@#coffee112!@#coffee112!@#coffee112!@#coffee112!@#reaturn!@#laman45!@#laman45!@#mimiLin5566!@#freakclaw!@#tamama000!@#zszsdd!@#zszsdd!@#zszsdd!@#zszsdd!@#zszsdd!@#widec!@#www8787!@#waldo34!@#wolid!@#winiS!@#Aliensoul!@#riverstyle!@#HommyDragon!@#gio8562!@#FastGunMan!@#huikmn!@#huikmn!@#li118!@#li118!@#doom3!@#carsly!@#coffee112!@#huangmingwei!@#AE86!@#kumori!@#kumori!@#athome1!@#egg7750!@#elibra01!@#jing0607!@#jing0607!@#jing0607!@#jing0607!@#jing0607!@#jing0607!@#jing0607!@#jing0607!@#jing0607!@#jing0607!@#jing0607!@#megaje!@#wei9898!@#wei9898!@#coollfd!@#jma306!@#LJer!@#LJer!@#LJer!@#diamondtron!@#abb123456!@#drmactt!@#s8402019!@#sch1230!@#cashko!@#andboypig!@#rcro!@#baliallin!@#baliallin!@#cychine!@#canis831025!@#s8402019!@#jospa!@#ru8ru8!@#hi87!@#s8402019!@#victor110183!@#bbat!@#s8402019!@#tist!@#I23!@#eogjds!@#pecablue!@#godfight!@#sturmpionier!@#sturmpionier!@#s8402019!@#freakclaw!@#s8402019!@#s8402019!@#jackyuki1!@#m13m13m!@#m13m13m,"{'all': 118, 'boo': 7, 'count': 63, 'neutral': 41, 'push': 70}"
10,M.1667999455.A.AB5,[協尋] 11/1 三重衝撞行人事故行車紀錄影片,holalynd (Determination.),Gossiping,代好友po文協尋-  影片中的受害者是好友的家人。 我們想尋找11/1 (週一)當日中午行經「三重中興北街往幸福路」的駕駛車主與機車騎士，也請大家幫忙詢問沒有使用ptt的家人11/1當天中午是否有經過此路段，希望您能提供行車記錄器影片以利蒐證。若您有影片，請站內信我，謝謝。  朋友的家人還在昏迷中，也希望大家能幫她祈福打氣，感恩。  https://youtu.be/YPOWgYtzaww  希望能多蒐證以利進行後續法律程序。,2022-11-9 21:10:51,118.166.221.188,"連個人行道都沒有 什麼爛地方!@#高調!@#路上的都是酒駕的車，什麼來爛地方!@#酒駕垃圾!@#祝早日康復!@#推!@#這影片已經這麼清楚了 還需要徵什麼!@#原始影片,罪證還不夠充足嗎？!@#垃圾腦殘酒駕仔 撞倒後還亂移動傷者!@#高調!@#樣樣通樣樣鬆!@#問題在法官判太輕!@#加油!@#88\!@#高調!@#高調!@#這就是個他媽的垃圾人渣!@#幫高調!@#高調 希望這酒駕仔能有報應，也祝!@#傷者盡早康復!@#幫高調 酒駕殺人未遂的畜牲 不能原諒!@#稀有!@#幹這駕駛真垃圾 低能兒!@#從現在開始每天檢舉騎樓人行道違停吧!@#過去縱容他們，苦果只會自己承擔!@#希望快好起來!@#直接說蔡英文挺時鐘好棒棒就好在那廢話!@#啊我推錯了對不起祝壞駕駛早日伏法!@#肉包鐵本來就該禮讓四輪大爺啊!@#三重只能走在馬路上 風險很高 房價不跌!@#嗎",推!@#推!@#推!@#推!@#推!@#推!@#推!@#→!@#推!@#推!@#噓!@#推!@#推!@#噓!@#推!@#推!@#推!@#推!@#推!@#→!@#推!@#→!@#推!@#推!@#→!@#推!@#→!@#推!@#噓!@#推!@#→,Cyclo!@#XJY13!@#dahlia7357!@#a27588679!@#ywbBetter!@#eogjds!@#dj720c!@#ryan0222!@#phew18!@#stvc!@#cary4A240022!@#coollfd!@#ToGoBack!@#devidevi!@#tin989!@#s8402019!@#madeathmao!@#engxia!@#moonight0124!@#moonight0124!@#xxxg00w0!@#truffaut!@#tomroy!@#vatog!@#vatog!@#gx9900824!@#brianuser!@#brianuser!@#junsport!@#LIGI1983!@#LIGI1983,"{'all': 31, 'boo': 3, 'count': 19, 'neutral': 6, 'push': 22}"
11,M.1668588389.A.A04,[公告] 選前十日民調相關禁止事項(重要發錢),ubcs (覺★青年超冒險蓋),Gossiping,https://imgur.com/U2yLmYZ.jpg  https://imgur.com/IlebUZq.jpg  https://imgur.com/KHLSJi9.jpg  公告宣導民調相關禁止事項  發文日期：中華民國 111 年 11 月 16 日  發文字號：Gossiping 拾壹月字第拾陸號  速別：超 速件  密等級解密條件：保存三十年   依　　據：公職人員選舉罷免法 主　　旨：宣導民調相關禁止事項 公告事項：  111 年 11 月 16 日 0時 開始～111年 11 月 26 日下午四點結束，  這段時間包括：  『發文』『推文』『轉錄』『回文引述』  任何有關選舉民調的內容就有可能觸犯選罷法  都可能被有心人士檢舉，檢舉成案的話將會罰緩50萬～500萬，  請大家多加注意，謝謝    公職人員選舉罷免法  第 53 條  政黨及任何人  自選舉公告發布及罷免案成立宣告之日起至投票日十日前所為有關候選人、 被罷免人或選舉、罷免民意調查資料之發布，應載明負責調查單位及主持人、 辦理時間、抽樣方式、母體數、樣本數及誤差值、經費來源。  政黨及任何人於投票日前十日起至投票時間截止前，  不得以任何方式，發布有關候選人、被罷免人或選舉、  罷免之民意調查資料，亦不得加以報導、散布、評論或引述。   第 56 條  政黨及任何人，不得有下列情事：  一、於競選活動期間之每日上午七時前或下午十時後，從事公開競選或助選活動。     但不妨礙居民生活或社會安寧之活動，不在此限。  二、於投票日從事競選或助選活動。  三、妨害其他政黨或候選人競選活動。  四、邀請外國人民、大陸地區人民或香港、澳門居民為第四十五條各款之行為。    違者，依據同法110條第5項規定，處以新台幣50萬以上500萬元以下罰鍰。   第 110 條  違反第五十三條或第五十六條規定者，  處新臺幣五十萬元以上五百萬元以下罰鍰；  違反第五十六條之規定，經制止不聽者，按次連續處罰。    正本：ubcs 副本：mother/lwt501cx/girl55665566  https://imgur.com/5j7kECP.jpg  https://imgur.com/uOgsgxP.jpg  https://imgur.com/06xEiSV.gif  以上公告文搭配梗圖卡，再請大哥@ubcs 大哥@lwt501cx 大哥@girl55665566 老木～（＠ｏ＠）～mother過目，若無誤 建議即刻發出                         ／｜｜｜＼                                           美推30P 重複也只有一包 前一百推都有  G軟美噓3P 重複每一次一包 前一百噓都有                    ＠ 以上底色標記100位，每人30P(稅前)發送完成!  by PTT Star 3.5.0 Beta,2022-11-16 16:46:27,59.120.192.119,"禮藏30年!@#你誰亂么吉!@#考驗財力的時刻到了!@#還好吧，隨便飛個空拍機就30萬~150萬!@#$$!@#選前十天當做送煞不要講政治!@#錢!@#錢!@#$$!@#$$$$!@#推!@#是在美三小!@#好!@#推!@#錢!@#錢!@#錢!@#錢!@#錢!@#以前可能這法條當空氣 現在真的要小!@#心那些熱心民眾!@#錢!@#推!@#推!@#推！各位小心!@#錢!@#推!@#推!@#$$!@#錢!@#$$$$$$$!@#錢!@#$!@#推推!@#錢!@#錢!@#錢!@#錢!@#喔!@#$!@#謝謝啦!@#錢!@#$$!@#＄!@#錢!@#錢錢!@#推!@#推!@#錢!@#錢!@#推!@#推!@#錢!@#推!@#錢!@#錢!@#推!@#錢!@#錢!@#錢!@#錢!@#推!@#錢!@#錢!@#推!@#推!@#推!@#錢!@#!@#推!@#錢!@#ok!@#300萬可以去日本洗泡泡浴洗到掛!@#錢!@#推!@#$$!@#收!@#錢!@#所以不能找港仔，那2020一堆垃圾港仔是!@#三小？!@#$!@#謝謝。!@#好!@#錢!@#錢!@#錢!@#錢!@#錢!@#$!@#money!@#推!@#錢!@#錢 謝謝!@#噓!@#錢!@#推一個!@#錢!@#好啦 選前就發廢文就好!@#錢!@#真的假的!@#錢!@#$$!@#推!@#錢!@#錢!@#好!@#推!@#錢!@#$!@#Ok!@#推!@#錢!@#推!@#好!@#錢!@#錢!@#好!@#每年還是會有被桶!@#錢!@#money!@#money!!@#$$$$$$!@#推!@#錢錢!@#會不會看到進土城的版主呢!@#推!@#錢!@#錢!@#錢!@#錢!@#冥界的冥調是誰最高？基八終？!@#錢!@#好~!@#推!@#錢錢～～～～!@#推~!@#錢!@#推!@#推!@#錢錢!@#錢錢!@#$$我會保護好你的!@#推!@#錢!@#好!@#推!@#錢!@#錢!@#$!@#錢!@#錢錢!@#錢!@#太晚推!@#猛!@#錢!@#錢!@#$!@#錢!@#錢!@#好啦!@#版主不要混啦 又都群魔亂舞了!@#推!@#每次看到過目文都會想起dpp垃圾網軍!@#錢!@#錢!@#錢!@#錢!@#抓到逃脫條款的方式就好笑了!@#推!@#推!@#推!@#推!@#錢!@#推!@#推!@#推!@#推!@#推!@#好!@#推!@#ok!@#推!@#錢!@#錢錢!@#推!@#推!@#錢錢!@#錢!@#錢!@#加拿大!@#$$!@#曼尼!@#好!@#!@#推!@#錢!@#推!@#推!@#錢!@#推!@#好喔!@#錢!@#錢!@#牠只會擋疫苗，不會守主權。!@#看到水牛就要噓，還假裝是鄉民!@#好!@#好耶!@#太優質了!@#只會一句話,防疫最大, 嘔嘔嘔!@#  護國空殼!@#https://youtu.be/Sa_Wqt_tHdQ 年輕人+油!@#錢!@#你也展現了水桶的風度!@#p.s.民調禁止事項部分 應排除嘉義市長!@#因已另行公告選舉日期 故嘉義市長民調!@#12/7封關 12/8不得再有嘉義市長民調!@#其他的都照現行規定辦理!@#前鎮算死忠區!@#https://i.imgur.com/R4zFqyA.jpg!@#嗯嗯死了活該，少一個死忠!@#$!@#錢!@#錢",→!@#噓!@#→!@#→!@#→!@#→!@#→!@#→!@#→!@#→!@#→!@#噓!@#→!@#推!@#推!@#推!@#推!@#推!@#推!@#推!@#→!@#推!@#推!@#推!@#→!@#→!@#推!@#推!@#推!@#→!@#推!@#推!@#推!@#推!@#推!@#推!@#推!@#推!@#推!@#推!@#推!@#推!@#推!@#推!@#推!@#推!@#推!@#推!@#推!@#推!@#推!@#推!@#推!@#推!@#→!@#推!@#推!@#推!@#推!@#推!@#推!@#推!@#推!@#推!@#推!@#推!@#推!@#推!@#推!@#推!@#推!@#推!@#→!@#推!@#推!@#推!@#推!@#推!@#→!@#→!@#推!@#推!@#推!@#推!@#推!@#推!@#推!@#推!@#推!@#推!@#推!@#推!@#推!@#噓!@#推!@#推!@#推!@#推!@#推!@#推!@#推!@#推!@#推!@#推!@#推!@#推!@#推!@#推!@#推!@#推!@#推!@#推!@#推!@#推!@#推!@#推!@#推!@#推!@#推!@#推!@#推!@#推!@#推!@#推!@#噓!@#推!@#推!@#推!@#推!@#推!@#→!@#推!@#推!@#推!@#推!@#推!@#推!@#推!@#推!@#推!@#推!@#推!@#推!@#推!@#噓!@#推!@#推!@#推!@#推!@#→!@#推!@#推!@#推!@#噓!@#推!@#推!@#推!@#推!@#推!@#推!@#噓!@#推!@#→!@#推!@#推!@#推!@#推!@#推!@#推!@#推!@#推!@#推!@#推!@#推!@#推!@#推!@#推!@#推!@#推!@#推!@#推!@#推!@#推!@#推!@#→!@#→!@#→!@#推!@#→!@#推!@#→!@#推!@#推!@#噓!@#推!@#推!@#推!@#推!@#推!@#推!@#推!@#推!@#推!@#→!@#噓!@#推!@#推!@#推!@#→!@#→!@#→!@#推!@#推!@#推!@#→!@#→!@#推!@#推!@#推!@#→!@#推!@#推!@#→,jameshcm!@#lucifiel1618!@#a27588679!@#jameshcm!@#neai3394!@#LoveMakeLove!@#Kay731!@#p2p8ppp!@#neai3394!@#neai3394!@#coeXist!@#dlam002!@#uohZemllac!@#ligongsia!@#a23031631!@#cvb58129!@#s32214!@#kaitokid1214!@#s06076276!@#KobeEatShit!@#KobeEatShit!@#damnyou!@#exarawdon!@#ad1116ad!@#albert1229!@#fir191938!@#benten47!@#kymcocmh!@#stillsustin!@#fir191938!@#ab4daa!@#bendu!@#david0129!@#befly10015!@#kennyhen!@#iMANIA!@#Alieno!@#dqmsj!@#vincent0412!@#ShadowSpirit!@#iamxup6!@#trajan!@#clvmomo!@#induse!@#bmfer!@#ha0118!@#fhscyt!@#JER2725!@#zhicong!@#godofsex!@#blj7331!@#fkfcu!@#ZhouGongJin!@#iamjohndoo!@#jim830724!@#maplceak!@#tsukasaxx!@#fir191938!@#judas2ds!@#popoo!@#DueDue!@#sky008888!@#ctwt!@#bala73!@#jtsu5223!@#s15522760406!@#goodfuture!@#mnyan0503!@#exceedMyself!@#gogolong!@#botnet!@#firey!@#LoveMakeLove!@#xp1224n!@#oylq2000!@#catwu!@#danny90386!@#wertes!@#EGOiST40!@#EGOiST40!@#arc332890!@#Knoblauch!@#zxcvbnm00316!@#jacklin2002!@#team1245!@#top1683!@#abcrr123!@#wayne2333068!@#BlueMoonTim!@#derek123g!@#tmgg!@#dearchien!@#Cherng9527!@#fkfcu!@#fm4!@#darvipon!@#domon0525!@#ssshleo!@#josephv!@#bin0327!@#enskyzuso!@#mars1314!@#jimmy0204123!@#bell0314!@#egg100152002!@#shadowdio!@#CalmEarth!@#maximu!@#Yyyyyy!@#Solinarymoon!@#sh9408162000!@#windmk2!@#bwnzer!@#guarneri!@#joe460830!@#qoosmsm!@#x0003!@#s8800892000!@#perasa!@#jolor26sou!@#zzzx!@#euser1777!@#wirecut!@#joe831211!@#ohohohya!@#liberlai!@#manberg!@#searchmark!@#d9578573!@#ipadpro2!@#jeff1977!@#campoland!@#marke18!@#HFang!@#Holabrown56!@#yi69922!@#twfi75!@#myps6922!@#sitc1!@#JUSTMYSUN!@#Lapislazuli!@#harry0073!@#flyslowly!@#cychine!@#b24338869!@#starwillow!@#canvas0403!@#bredsox04!@#elvis007!@#jeff12280!@#pttouch!@#nove870509!@#HSnewlife!@#d9578573!@#murderer!@#ducan783!@#qscxz!@#jeff12280!@#ax5602!@#oopalmoo!@#david12763!@#debbieyy!@#basslife!@#xuepanda!@#imaray!@#mars1985!@#haman!@#a09374567!@#didi0401!@#hankmonk!@#p64628!@#error301!@#tw00053142!@#lin1020!@#en0308!@#qtgary!@#msswissweda!@#rrreerrre!@#johnhmj!@#zerorock000!@#brokenback3!@#sodistrues!@#coollfd!@#aluba328!@#jack31717!@#jack31717!@#Yco!@#qwe4563210!@#inpin!@#lime1207!@#playkill!@#a12c45a!@#no2kitten!@#yeaho!@#luckyvet!@#bubonemtaco!@#TaiWeiT!@#sg963012!@#yyys222!@#aramis188!@#dsc450!@#cl700503!@#tvxqsun123!@#zingy!@#sandy69!@#noahblack!@#CloudVII!@#d9149087!@#preisner!@#jma306!@#potionx!@#ss9341391tw!@#ssshleo!@#WeAntiTVBS!@#WeAntiTVBS!@#WeAntiTVBS!@#WeAntiTVBS!@#taristocrat!@#Goldpaper!@#Goldpaper!@#meimei1473!@#dorisx25!@#Forcast,"{'all': 223, 'boo': 9, 'count': 170, 'neutral': 35, 'push': 179}"
12,M.1669290185.A.748,[協尋] 協尋基隆市七堵柴犬哈娜 懸賞一萬代PO,iwillsuccess (人生海海),Gossiping,[柴犬走失協尋] 名字： 哈娜 品種：柴犬 走失時間：2022-10-09晚上22:30多 走失地點：基隆七堵區永富路公園的河堤跟明德一路往八堵方向的機務段維修區附近 性別：母 毛色 or 明顯特徵：身形比較長一點、他的眼睫毛是白色的、肉球有一點點黃黃的角質 體重：9公斤 年齡：4歲 已結紮  https://imgur.com/a/HfC6nFn   晶片號碼：900219000886095 聯絡人：謝小姐0936854838或黃小姐0935957576 遺失時身上無任何配件（有牽繩，是回家時掙脫）狗狗當時被外面聲音嚇到跑不見了  他非常膽小希望可以幫忙找他 很怕他衝到馬路上 已經找了一個多月還沒找到希望大家可以幫忙注意 尋獲金額：10000元 感謝與麻煩大家了,2022-11-24 19:43:03,118.169.25.181,寶貝快回家QAQ!@#笨狗快回家!@#外勞最愛這種的!@#希望大家幫高調 讓狗狗趕快回家!@#推!@#一黑二白三花四黃!@#幫留意!@#高調!@#找好久QQ 希望哈娜快點回家!@#狗最棒!@#幫高調!@#希望早點找到QQ!@#高調!@#新題材  魔獸炒房!@#阿  抱歉推錯orz!@#高調,推!@#推!@#推!@#→!@#推!@#推!@#推!@#推!@#推!@#推!@#推!@#推!@#推!@#→!@#→!@#推,sck3612575!@#kevin86tp!@#k44754!@#iwillsuccess!@#eogjds!@#roy0710!@#LoveMakeLove!@#akirakid!@#chocolate55!@#henrycc!@#covenant!@#andyjay654!@#LEOPARDO!@#C13H16ClNO!@#C13H16ClNO!@#dogdream,"{'all': 16, 'boo': 0, 'count': 13, 'neutral': 3, 'push': 13}"
